campaign_id,campaign_name,channel,start_date,end_date,budget_vnd,spend_vnd,impressions,clicks,ctr_pct,conversions,revenue_generated,cac,roas,target_segment,is_holiday_period
CMP00073,GG-Feb-018,Google,2024-02-07,2024-02-22,7363730,6621982,186339,6646,3.57,434,26851345,15258,4.055,Returning,True
CMP00245,TT-May-045,TikTok,2024-05-06,2024-05-14,5000000,4001600,132143,4688,3.55,120,1200480,33346,0.3,Returning,False
CMP00438,FB-Sep-077,Facebook,2024-09-01,2024-09-24,9531423,8157472,158702,2781,1.75,96,20097867,84973,2.464,New,True
CMP00080,TT-Feb-015,TikTok,2024-02-03,2024-02-27,5000000,4258233,160945,4486,2.79,187,5589596,22771,1.313,Win-back,True
CMP00403,TT-Aug-068,TikTok,2024-08-04,2024-08-20,7133068,6543300,199455,7713,3.87,163,18247866,40142,2.789,Returning,False
CMP00480,AF-Sep-073,Affiliate,2024-09-17,2024-09-24,5000000,4464067,140996,2732,1.94,100,15456503,44640,3.462,Returning,False
CMP00200,EM-Apr-036,Email,2024-04-06,2024-04-22,5000000,4835184,432044,55504,12.85,5311,21977817,910,4.545,New,False
CMP00064,FB-Feb-018,Facebook,2024-02-01,2024-02-20,7146725,6490624,153643,3673,2.39,145,19003872,44762,2.928,VIP,True
CMP00085,EM-Feb-011,Email,2024-02-01,2024-02-24,5000000,4543582,341530,50735,14.86,5903,29090220,769,6.402,Returning,True
CMP00308,EM-Jun-054,Email,2024-06-03,2024-06-25,5000000,4931309,444143,21606,4.86,1446,21141146,3410,4.287,Win-back,False
CMP00010,FB-Jan-010,Facebook,2024-01-19,2024-01-30,12165557,11592287,261518,5418,2.07,228,21381008,50843,1.844,New,True
CMP00069,GG-Feb-014,Google,2024-02-02,2024-02-21,6396273,5206349,151624,3016,1.99,160,14734342,32539,2.83,VIP,True
CMP00451,GG-Sep-081,Google,2024-09-04,2024-09-14,11125772,10767844,246417,6409,2.6,306,43214934,35189,4.013,New,True
CMP00376,AF-Jul-059,Affiliate,2024-07-08,2024-07-17,5000000,4452747,114668,3146,2.74,107,17652863,41614,3.964,Win-back,False
CMP00273,FB-Jun-047,Facebook,2024-06-03,2024-06-19,9333627,8210229,162524,2321,1.43,57,14173576,144039,1.726,Win-back,False
CMP00366,SM-Jul-058,SMS,2024-07-02,2024-07-27,5000000,5246245,727938,68452,9.4,3149,16418813,1666,3.13,Returning,False
CMP00435,FB-Sep-074,Facebook,2024-09-21,2024-09-27,11055402,9565364,231605,4107,1.77,122,22097282,78404,2.31,New,False
CMP00031,EM-Jan-002,Email,2024-01-15,2024-01-30,5000000,4971678,471290,61291,13.0,7998,29088126,621,5.851,Returning,True
CMP00154,SM-Mar-026,SMS,2024-03-07,2024-03-27,5000000,4826380,582746,75484,12.95,6660,25157624,724,5.213,New,True
CMP00443,FB-Sep-082,Facebook,2024-09-12,2024-09-29,9077554,9006454,218830,4590,2.1,88,14453234,102346,1.605,VIP,False
CMP00251,EM-May-042,Email,2024-05-02,2024-05-10,5000000,4921284,402742,40392,10.03,3925,32305411,1253,6.564,Win-back,True
CMP00226,FB-May-045,Facebook,2024-05-01,2024-05-30,12969461,12702517,322755,4540,1.41,156,38789602,81426,3.054,Returning,True
CMP00094,SM-Feb-011,SMS,2024-02-04,2024-02-26,5000000,3903355,535496,53188,9.93,3405,14188184,1146,3.635,Win-back,True
CMP00312,SM-Jun-049,SMS,2024-06-13,2024-06-22,5000000,3944762,558878,61479,11.0,3188,9226259,1237,2.339,Win-back,False
CMP00442,FB-Sep-081,Facebook,2024-09-06,2024-09-13,9918839,7279388,159528,3012,1.89,82,10149489,88773,1.394,VIP,False
CMP00156,AF-Mar-019,Affiliate,2024-03-01,2024-03-25,5000000,3561758,94849,2539,2.68,159,15981804,22400,4.487,Returning,True
CMP00483,AF-Sep-076,Affiliate,2024-09-07,2024-09-14,5000000,3712089,93898,2394,2.55,82,12231732,45269,3.295,Returning,False
CMP00083,TT-Feb-018,TikTok,2024-02-05,2024-02-28,6265342,5022974,183323,4759,2.6,194,41567673,25891,8.276,New,True
CMP00079,TT-Feb-014,TikTok,2024-02-12,2024-02-22,5017922,5077267,171170,6817,3.98,188,1523180,27006,0.3,Win-back,False
CMP00472,SM-Sep-074,SMS,2024-09-13,2024-09-28,5000000,4289580,481692,52119,10.82,3931,13659337,1091,3.184,Returning,False
CMP00196,EM-Apr-032,Email,2024-04-04,2024-04-18,5000000,4379315,390246,57720,14.79,5703,21019893,767,4.8,New,False
CMP00431,AF-Aug-069,Affiliate,2024-08-10,2024-08-18,5000000,3963732,110182,1805,1.64,54,13910762,73402,3.51,Win-back,False
CMP00056,AF-Jan-009,Affiliate,2024-01-02,2024-01-28,5000000,3511825,94663,1987,2.1,81,20017299,43355,5.7,Win-back,True
CMP00034,EM-Jan-005,Email,2024-01-06,2024-01-29,5000000,4750793,428972,4274,1.0,611,31829649,7775,6.7,New,True
CMP00422,SM-Aug-069,SMS,2024-08-10,2024-08-23,5000000,3604269,510306,73102,14.33,3597,9741813,1002,2.703,New,False
CMP00001,FB-Jan-001,Facebook,2024-01-02,2024-01-30,9975213,8769913,222493,1894,0.85,57,32440803,153858,3.699,Returning,True
CMP00012,GG-Jan-002,Google,2024-01-09,2024-01-21,9730887,10142364,240166,7848,3.27,291,25817247,34853,2.545,Win-back,False
CMP00484,AF-Sep-077,Affiliate,2024-09-01,2024-09-28,5000000,3523304,94718,2744,2.9,167,9851402,21097,2.796,Win-back,True
CMP00133,TT-Mar-023,TikTok,2024-03-05,2024-03-25,7367258,5648460,179570,4802,2.67,205,14660113,27553,2.595,Returning,True
CMP00105,AF-Feb-013,Affiliate,2024-02-13,2024-02-27,5000000,4917676,129857,1806,1.39,77,13834291,63865,2.813,New,False
CMP00370,SM-Jul-062,SMS,2024-07-04,2024-07-27,5000000,3949109,488532,18695,3.83,1243,9774744,3177,2.475,Returning,False
CMP00285,GG-Jun-050,Google,2024-06-06,2024-06-28,9951190,7882571,214200,8344,3.9,320,19827585,24633,2.515,Returning,False
CMP00384,FB-Aug-068,Facebook,2024-08-09,2024-08-20,7369494,7016027,178381,3737,2.1,75,6705664,93547,0.956,Returning,False
CMP00479,SM-Sep-081,SMS,2024-09-02,2024-09-29,5000000,4911852,563170,74256,13.19,5611,19710758,875,4.013,New,True
CMP00427,AF-Aug-065,Affiliate,2024-08-09,2024-08-19,5000000,3603012,111060,3214,2.89,138,8153530,26108,2.263,VIP,False
CMP00019,GG-Jan-009,Google,2024-01-04,2024-01-30,11338441,8950694,217331,10206,4.7,675,33394851,13260,3.731,New,True
CMP00486,AF-Sep-079,Affiliate,2024-09-01,2024-09-29,5000000,3701594,92973,1848,1.99,90,12287888,41128,3.32,New,True
CMP00254,EM-May-045,Email,2024-05-06,2024-05-27,5000000,4362699,332640,49692,14.94,4723,23432392,923,5.371,Returning,False
CMP00428,AF-Aug-066,Affiliate,2024-08-03,2024-08-22,5000000,3967807,118989,3052,2.57,115,10089387,34502,2.543,New,False
CMP00087,EM-Feb-013,Email,2024-02-01,2024-02-29,5000000,4172265,395809,50816,12.84,7336,23064975,568,5.528,Win-back,True
CMP00040,SM-Jan-002,SMS,2024-01-04,2024-01-30,5000000,3634928,471384,59290,12.58,6399,17668300,568,4.861,New,True
CMP00149,SM-Mar-021,SMS,2024-03-01,2024-03-26,5000000,4315628,596679,84145,14.1,5704,17758200,756,4.115,Win-back,True
CMP00118,FB-Mar-027,Facebook,2024-03-04,2024-03-22,11556076,11496558,253587,3439,1.36,103,44316159,111617,3.855,New,True
CMP00155,SM-Mar-027,SMS,2024-03-02,2024-03-28,5000000,4050759,474049,56641,11.95,6090,15588054,665,3.848,Win-back,True
CMP00071,GG-Feb-016,Google,2024-02-05,2024-02-12,8979338,8032535,238493,7654,3.21,449,30756794,17889,3.829,VIP,True
CMP00183,TT-Apr-028,TikTok,2024-04-02,2024-04-27,6184697,6392203,244274,3986,1.63,115,26459204,55584,4.139,Win-back,False
CMP00091,EM-Feb-017,Email,2024-02-06,2024-02-27,5000000,3988488,347357,38361,11.04,3341,23007540,1193,5.768,Win-back,True
CMP00176,GG-Apr-031,Google,2024-04-08,2024-04-24,10781110,7791318,220758,8547,3.87,287,16871735,27147,2.165,New,False
CMP00173,FB-Apr-037,Facebook,2024-04-07,2024-04-24,9505631,8428336,204077,3694,1.81,99,15030960,85134,1.783,Returning,False
CMP00412,EM-Aug-068,Email,2024-08-14,2024-08-28,5000000,3823861,296488,49799,16.8,4435,19208753,862,5.023,VIP,False
CMP00377,AF-Jul-060,Affiliate,2024-07-17,2024-07-30,5000000,4889327,147222,3670,2.49,151,12264537,32379,2.508,Returning,False
CMP00077,TT-Feb-012,TikTok,2024-02-06,2024-02-19,7276459,7511795,262076,8272,3.16,317,16657186,23696,2.217,Win-back,True
CMP00311,SM-Jun-048,SMS,2024-06-01,2024-06-29,5000000,4469626,592117,74179,12.53,3252,12306235,1374,2.753,New,False
CMP00212,AF-Apr-030,Affiliate,2024-04-07,2024-04-25,5000000,4751612,146943,3572,2.43,95,20947467,50016,4.408,VIP,False
CMP00272,AF-May-045,Affiliate,2024-05-20,2024-05-28,5000000,5159295,144257,4267,2.96,191,12834394,27012,2.488,Returning,False
CMP00474,SM-Sep-076,SMS,2024-09-07,2024-09-28,5000000,5051958,562685,66465,11.81,4046,15942744,1248,3.156,Win-back,False
CMP00127,GG-Mar-027,Google,2024-03-14,2024-03-26,9748650,9555652,279681,13708,4.9,422,15575223,22643,1.63,Returning,False
CMP00433,AF-Aug-071,Affiliate,2024-08-01,2024-08-27,5000000,5134517,125434,3456,2.76,106,12124329,48438,2.361,New,False
CMP00407,TT-Aug-072,TikTok,2024-08-06,2024-08-27,7302756,7073158,284181,11967,4.21,267,35890595,26491,5.074,VIP,False
CMP00102,AF-Feb-010,Affiliate,2024-02-02,2024-02-28,5000000,4083011,125075,2758,2.21,101,12849337,40425,3.147,Returning,True
CMP00409,EM-Aug-065,Email,2024-08-03,2024-08-16,5000000,3539252,278008,46636,16.78,3986,14987182,887,4.235,Win-back,False
CMP00186,TT-Apr-031,TikTok,2024-04-03,2024-04-29,5000000,4734749,167226,4889,2.92,239,27423310,19810,5.792,New,True
CMP00074,GG-Feb-019,Google,2024-02-03,2024-02-23,8515169,8465492,239727,6675,2.78,278,29962429,30451,3.539,Win-back,True
CMP00078,TT-Feb-013,TikTok,2024-02-01,2024-02-28,5000000,4268587,138900,4308,3.1,171,23000089,24962,5.388,Returning,True
CMP00194,EM-Apr-030,Email,2024-04-20,2024-04-27,5000000,4739091,428649,49105,11.46,4444,20054898,1066,4.232,Returning,False
CMP00430,AF-Aug-068,Affiliate,2024-08-08,2024-08-30,5000000,4716086,149704,4716,3.15,205,13673576,23005,2.899,VIP,False
CMP00305,EM-Jun-051,Email,2024-06-13,2024-06-28,5000000,5076077,368345,64328,17.46,5682,17864357,893,3.519,Win-back,False
CMP00125,GG-Mar-025,Google,2024-03-02,2024-03-30,9885667,8857315,242640,8804,3.63,455,25005552,19466,2.823,New,True
CMP00262,SM-May-044,SMS,2024-05-07,2024-05-28,5000000,4813202,639124,65541,10.25,4275,12844295,1125,2.669,VIP,False
CMP00209,SM-Apr-036,SMS,2024-04-11,2024-04-24,5000000,5237763,729277,102195,14.01,5114,13659692,1024,2.608,Win-back,False
CMP00337,GG-Jul-057,Google,2024-07-07,2024-07-23,6801065,6948191,209168,6803,3.25,327,10260656,21248,1.477,Win-back,False
CMP00298,TT-Jun-053,TikTok,2024-06-23,2024-06-29,5000000,4846465,186264,4568,2.45,151,1453939,32095,0.3,Returning,False
CMP00193,EM-Apr-029,Email,2024-04-02,2024-04-25,5000000,4891719,464468,101097,21.77,7607,21437485,643,4.382,VIP,False
CMP00423,SM-Aug-070,SMS,2024-08-05,2024-08-30,5000000,4698911,587088,56310,9.59,2987,10756001,1573,2.289,New,False
CMP00076,TT-Feb-011,TikTok,2024-02-03,2024-02-22,7306471,5888236,217585,6710,3.08,211,14714928,27906,2.499,New,True
CMP00429,AF-Aug-067,Affiliate,2024-08-11,2024-08-30,5000000,4274927,119691,2106,1.76,55,11070108,77725,2.59,Win-back,False
CMP00016,GG-Jan-006,Google,2024-01-05,2024-01-26,8916555,7737895,220863,6851,3.1,244,23481574,31712,3.035,Returning,False
CMP00275,FB-Jun-049,Facebook,2024-06-01,2024-06-20,8894011,8279078,190472,3621,1.9,67,21444459,123568,2.59,VIP,False
CMP00378,AF-Jul-061,Affiliate,2024-07-04,2024-07-25,5000000,5047881,126725,2421,1.91,87,16479145,58021,3.265,Win-back,False
CMP00020,GG-Jan-010,Google,2024-01-02,2024-01-30,8949308,9055244,239354,6700,2.8,444,40055759,20394,4.423,Returning,True
CMP00317,SM-Jun-054,SMS,2024-06-01,2024-06-30,5000000,4050368,467379,29862,6.39,2079,13818177,1948,3.412,VIP,False
CMP00326,AF-Jun-054,Affiliate,2024-06-03,2024-06-29,5000000,4704068,133657,3194,2.39,88,7124227,53455,1.514,VIP,False
CMP00057,FB-Feb-011,Facebook,2024-02-01,2024-02-29,5697940,5542734,113623,1754,1.54,76,16398852,72930,2.959,New,True
CMP00221,FB-May-040,Facebook,2024-05-05,2024-05-30,7578833,7240683,176900,3755,2.12,166,18701566,43618,2.583,New,True
CMP00228,GG-May-038,Google,2024-05-09,2024-05-27,5277008,5261779,157182,6051,3.85,173,11337025,30414,2.155,Win-back,False
CMP00325,AF-Jun-053,Affiliate,2024-06-01,2024-06-12,5000000,5225852,149619,4121,2.75,114,15438616,45840,2.954,New,False
CMP00399,TT-Aug-064,TikTok,2024-08-04,2024-08-27,5313470,4089241,151434,7104,4.69,184,11545816,22224,2.823,Returning,False
CMP00400,TT-Aug-065,TikTok,2024-08-01,2024-08-28,6139466,6106402,212504,5869,2.76,179,4654916,34113,0.762,Returning,False
CMP00416,EM-Aug-072,Email,2024-08-14,2024-08-24,5000000,4219928,381628,98242,25.74,8469,18276429,498,4.331,Win-back,False
CMP00315,SM-Jun-052,SMS,2024-06-02,2024-06-29,5000000,4340801,615373,57551,9.35,3523,13030226,1232,3.002,New,False
CMP00026,TT-Jan-006,TikTok,2024-01-03,2024-01-19,6273213,5990075,219992,6501,2.96,142,18695888,42183,3.121,VIP,False
CMP00223,FB-May-042,Facebook,2024-05-01,2024-05-19,13139624,12994059,329874,8174,2.48,338,33934095,38443,2.612,New,True
CMP00299,TT-Jun-054,TikTok,2024-06-01,2024-06-29,5427722,5641992,214547,5102,2.38,138,20657697,40884,3.661,Win-back,False
CMP00235,GG-May-045,Google,2024-05-09,2024-05-23,7220158,7160829,209588,8436,4.03,310,14496591,23099,2.024,New,False
CMP00468,EM-Sep-079,Email,2024-09-06,2024-09-20,5000000,4202611,325774,68376,20.99,6526,16761945,643,3.988,New,False
CMP00043,SM-Jan-005,SMS,2024-01-06,2024-01-27,5000000,4536132,535737,21592,4.03,2344,21799721,1935,4.806,New,True
CMP00455,TT-Sep-075,TikTok,2024-09-11,2024-09-28,7128034,5319155,166589,3976,2.39,93,19471407,57195,3.661,New,False
CMP00434,AF-Aug-072,Affiliate,2024-08-07,2024-08-28,5000000,3861964,106930,2648,2.48,91,11784012,42439,3.051,VIP,False
CMP00420,SM-Aug-067,SMS,2024-08-01,2024-08-30,5000000,5179601,678786,86679,12.77,6155,12830289,841,2.477,Returning,False
CMP00290,GG-Jun-055,Google,2024-06-02,2024-06-26,9481730,7872963,193383,5056,2.62,203,18169161,38783,2.308,New,False
CMP00219,FB-May-038,Facebook,2024-05-01,2024-05-26,6110382,4858864,108390,1553,1.43,70,11232374,69412,2.312,VIP,True
CMP00397,GG-Aug-072,Google,2024-08-05,2024-08-16,5838079,5508010,144932,6683,4.61,200,8769449,27540,1.592,New,False
CMP00204,SM-Apr-031,SMS,2024-04-02,2024-04-21,5000000,4230953,604672,50222,8.31,3471,14141095,1218,3.342,New,False
CMP00381,FB-Aug-065,Facebook,2024-08-01,2024-08-29,12530923,10584542,267706,7675,2.87,159,14557792,66569,1.375,Returning,False
CMP00319,AF-Jun-047,Affiliate,2024-06-03,2024-06-11,5000000,4583585,125193,2650,2.12,104,17708892,44072,3.864,New,False
CMP00023,TT-Jan-003,TikTok,2024-01-07,2024-01-14,6574520,6221859,228605,7324,3.2,185,7219980,33631,1.16,New,False
CMP00321,AF-Jun-049,Affiliate,2024-06-02,2024-06-25,5000000,4503193,140204,3040,2.17,119,12929068,37841,2.871,Returning,False
CMP00047,SM-Jan-009,SMS,2024-01-13,2024-01-30,5000000,4828707,579510,37227,6.42,3084,14792479,1565,3.063,Returning,True
CMP00032,EM-Jan-003,Email,2024-01-02,2024-01-30,5000000,4028181,379189,52450,13.83,4763,28091730,845,6.974,VIP,True
CMP00114,FB-Mar-023,Facebook,2024-03-04,2024-03-20,10979052,8783343,198473,3117,1.57,106,27962786,82861,3.184,Win-back,True
CMP00138,EM-Mar-019,Email,2024-03-02,2024-03-26,5000000,3752963,328097,82779,25.23,10515,21177482,356,5.643,Win-back,True
CMP00415,EM-Aug-071,Email,2024-08-18,2024-08-27,5000000,4751008,370809,89562,24.15,8979,20420883,529,4.298,Win-back,False
CMP00461,TT-Sep-081,TikTok,2024-09-12,2024-09-29,5000000,4510953,176772,8957,5.07,195,4426834,23133,0.981,Win-back,False
CMP00132,TT-Mar-022,TikTok,2024-03-01,2024-03-30,6427380,5026785,166106,3650,2.2,161,24689550,31222,4.912,Returning,True
CMP00058,FB-Feb-012,Facebook,2024-02-20,2024-02-28,7107386,6623833,169021,4373,2.59,78,11357051,84920,1.715,VIP,False
CMP00182,GG-Apr-037,Google,2024-04-11,2024-04-20,5626976,5383599,136813,3934,2.88,114,12487899,47224,2.32,Returning,False
CMP00318,AF-Jun-046,Affiliate,2024-06-09,2024-06-28,5000000,4085320,120344,938,0.78,28,9388900,145904,2.298,New,False
CMP00410,EM-Aug-066,Email,2024-08-15,2024-08-30,5000000,4280414,355452,75940,21.36,6071,21794253,705,5.092,New,False
CMP00025,TT-Jan-005,TikTok,2024-01-11,2024-01-27,6707908,5715614,204192,4487,2.2,170,20859920,33621,3.65,Win-back,True
CMP00018,GG-Jan-008,Google,2024-01-18,2024-01-27,5053438,5093910,131053,6971,5.32,468,9814758,10884,1.927,Win-back,True
CMP00330,FB-Jul-059,Facebook,2024-07-06,2024-07-15,7067567,5831319,144740,1978,1.37,37,12517922,157603,2.147,New,False
CMP00067,GG-Feb-012,Google,2024-02-16,2024-02-24,10749662,9624435,277901,11571,4.16,556,19537932,17310,2.03,New,False
CMP00211,AF-Apr-029,Affiliate,2024-04-02,2024-04-24,5000000,4394157,126163,3032,2.4,125,13848245,35153,3.152,Win-back,False
CMP00141,EM-Mar-022,Email,2024-03-06,2024-03-23,5000000,4476795,405291,51594,12.73,4420,27894984,1012,6.231,Returning,True
CMP00095,SM-Feb-012,SMS,2024-02-01,2024-02-29,5000000,4250607,571305,75638,13.24,7180,18903700,592,4.447,VIP,True
CMP00230,GG-May-040,Google,2024-05-07,2024-05-22,7353917,5260621,158043,8247,5.22,408,13830397,12893,2.629,Returning,False
CMP00249,EM-May-040,Email,2024-05-01,2024-05-30,5000000,3806806,353877,51577,14.58,6268,20464200,607,5.376,Returning,True
CMP00024,TT-Jan-004,TikTok,2024-01-13,2024-01-20,5000000,4747179,182494,3849,2.11,104,7351816,45645,1.549,VIP,False
CMP00210,AF-Apr-028,Affiliate,2024-04-09,2024-04-24,5000000,4297907,139991,1421,1.02,57,15992091,75401,3.721,Returning,False
CMP00256,SM-May-038,SMS,2024-05-08,2024-05-15,5000000,4536194,492911,81370,16.51,5569,14684976,814,3.237,VIP,False
CMP00482,AF-Sep-075,Affiliate,2024-09-04,2024-09-24,5000000,5220335,150397,4395,2.92,236,26989817,22120,5.17,Win-back,True
CMP00006,FB-Jan-006,Facebook,2024-01-02,2024-01-26,7481147,7037821,159805,3128,1.96,67,18640861,105042,2.649,Win-back,False
CMP00117,FB-Mar-026,Facebook,2024-03-02,2024-03-29,8708027,7331297,170008,4223,2.48,127,15411004,57726,2.102,New,True
CMP00046,SM-Jan-008,SMS,2024-01-02,2024-01-17,5000000,4749654,584823,57731,9.87,4022,11198717,1180,2.358,New,False
CMP00017,GG-Jan-007,Google,2024-01-13,2024-01-30,5651552,3997580,103620,3933,3.8,229,14661537,17456,3.668,Win-back,True
CMP00452,GG-Sep-082,Google,2024-09-02,2024-09-29,10896079,10232281,305024,3691,1.21,248,41652314,41259,4.071,Win-back,True
CMP00350,TT-Jul-060,TikTok,2024-07-02,2024-07-30,5000000,5029727,163023,4239,2.6,133,14498163,37817,2.882,New,False
CMP00004,FB-Jan-004,Facebook,2024-01-11,2024-01-18,10418705,9427707,215735,4090,1.9,83,16586550,113586,1.759,New,False
CMP00418,SM-Aug-065,SMS,2024-08-01,2024-08-27,5000000,3593132,424774,36961,8.7,1968,10972418,1825,3.054,New,False
CMP00174,GG-Apr-029,Google,2024-04-01,2024-04-18,8979961,8983255,262182,7798,2.97,394,27011147,22800,3.007,Returning,False
CMP00061,FB-Feb-015,Facebook,2024-02-04,2024-02-23,12608284,11579003,229128,6411,2.8,291,23390245,39790,2.02,New,True
CMP00111,FB-Mar-020,Facebook,2024-03-03,2024-03-25,9921316,7502952,159614,3135,1.96,93,18057618,80676,2.407,VIP,True
CMP00313,SM-Jun-050,SMS,2024-06-05,2024-06-29,5000000,4587629,565775,91287,16.13,5073,15629499,904,3.407,Returning,False
CMP00466,EM-Sep-077,Email,2024-09-01,2024-09-23,5000000,4845126,365837,71584,19.57,6194,28857002,782,5.956,New,True
CMP00030,EM-Jan-001,Email,2024-01-12,2024-01-20,5000000,4187803,309895,31777,10.25,2030,16520861,2062,3.945,New,False
CMP00445,GG-Sep-075,Google,2024-09-07,2024-09-18,7432593,6786526,158024,7946,5.03,287,16334208,23646,2.407,VIP,False
CMP00181,GG-Apr-036,Google,2024-04-16,2024-04-25,9798581,8319722,238514,4051,1.7,185,23628482,44971,2.84,New,False
CMP00027,TT-Jan-007,TikTok,2024-01-07,2024-01-20,5000000,4756037,163024,3974,2.44,98,6287086,48530,1.322,New,False
CMP00008,FB-Jan-008,Facebook,2024-01-11,2024-01-29,6785334,6606909,153663,1170,0.76,30,11219657,220230,1.698,New,True
CMP00460,TT-Sep-080,TikTok,2024-09-16,2024-09-25,5000000,4686049,164051,5083,3.1,120,3706297,39050,0.791,Win-back,False
CMP00109,AF-Feb-017,Affiliate,2024-02-19,2024-02-26,5000000,3796327,96730,2435,2.52,80,12195552,47454,3.212,Returning,False
CMP00038,EM-Jan-009,Email,2024-01-08,2024-01-23,5000000,4366503,346527,58005,16.74,5347,26230127,816,6.007,VIP,False
CMP00158,AF-Mar-021,Affiliate,2024-03-07,2024-03-30,5000000,4681919,120389,3910,3.25,219,23031862,21378,4.919,Returning,True
CMP00456,TT-Sep-076,TikTok,2024-09-13,2024-09-23,6102264,4373641,149438,4997,3.34,108,9289397,40496,2.124,Win-back,False
CMP00119,FB-Mar-028,Facebook,2024-03-11,2024-03-28,10174368,8562417,206109,2695,1.31,54,9523896,158563,1.112,Win-back,False
CMP00115,FB-Mar-024,Facebook,2024-03-12,2024-03-21,10132685,7623642,152546,3657,2.4,88,16146641,86632,2.118,New,False
CMP00177,GG-Apr-032,Google,2024-04-05,2024-04-24,11349887,10519929,293688,7760,2.64,306,27663382,34378,2.63,Returning,False
CMP00398,GG-Aug-073,Google,2024-08-20,2024-08-30,7506251,6373546,183424,5094,2.78,165,17982186,38627,2.821,New,False
CMP00145,EM-Mar-026,Email,2024-03-01,2024-03-18,5000000,3782340,339860,58635,17.25,5464,26159491,692,6.916,Returning,True
CMP00362,EM-Jul-063,Email,2024-07-09,2024-07-26,5000000,3852406,321878,66847,20.77,6050,18485949,636,4.799,New,False
CMP00372,AF-Jul-055,Affiliate,2024-07-08,2024-07-26,5000000,4029268,112270,2032,1.81,74,11076259,54449,2.749,New,False
CMP00229,GG-May-039,Google,2024-05-21,2024-05-28,10015502,10174638,295006,12647,4.29,543,24624363,18737,2.42,Win-back,False
CMP00266,AF-May-039,Affiliate,2024-05-02,2024-05-26,5000000,3748601,118307,1103,0.93,59,18458323,63535,4.924,New,True
CMP00205,SM-Apr-032,SMS,2024-04-14,2024-04-27,5000000,5046471,606070,85566,14.12,6373,12629457,791,2.503,New,False
CMP00487,AF-Sep-080,Affiliate,2024-09-01,2024-09-27,5000000,4874560,147594,3423,2.32,174,17764843,28014,3.644,VIP,True
CMP00142,EM-Mar-023,Email,2024-03-04,2024-03-10,5000000,4446748,392783,38101,9.7,4469,25959195,995,5.838,Returning,True
CMP00358,EM-Jul-059,Email,2024-07-01,2024-07-23,5000000,3601762,337381,46073,13.66,2950,17491449,1220,4.856,New,False
CMP00068,GG-Feb-013,Google,2024-02-01,2024-02-26,8013160,7194517,171805,5273,3.07,261,18005384,27565,2.503,Win-back,True
CMP00335,FB-Jul-064,Facebook,2024-07-08,2024-07-26,9788329,7496922,148480,3312,2.23,99,11701938,75726,1.561,New,False
CMP00169,FB-Apr-033,Facebook,2024-04-03,2024-04-28,10204965,10482381,211332,4055,1.92,159,25038538,65926,2.389,Returning,True
CMP00368,SM-Jul-060,SMS,2024-07-01,2024-07-27,5000000,4585151,644572,103403,16.04,4461,11832405,1027,2.581,Win-back,False
CMP00426,AF-Aug-064,Affiliate,2024-08-05,2024-08-24,5000000,4142668,107613,3357,3.12,97,8990415,42707,2.17,VIP,False
CMP00394,GG-Aug-069,Google,2024-08-07,2024-08-30,10329508,8437309,218467,11596,5.31,402,20577312,20988,2.439,New,False
CMP00110,AF-Feb-018,Affiliate,2024-02-10,2024-02-17,5000000,4451069,111985,3401,3.04,120,13462265,37092,3.025,Returning,True
CMP00454,TT-Sep-074,TikTok,2024-09-01,2024-09-15,5442553,4746755,144717,3838,2.65,117,26786081,40570,5.643,Returning,True
CMP00146,EM-Mar-027,Email,2024-03-06,2024-03-28,5000000,5070888,448830,86890,19.36,11856,34529206,427,6.809,New,True
CMP00385,FB-Aug-069,Facebook,2024-08-16,2024-08-30,6300874,4589192,95504,1294,1.36,24,7835163,191216,1.707,Returning,False
CMP00153,SM-Mar-025,SMS,2024-03-05,2024-03-27,5000000,3933047,535552,64171,11.98,5622,18448089,699,4.691,VIP,True
CMP00341,GG-Jul-061,Google,2024-07-06,2024-07-24,9859341,7660077,201772,9308,4.61,376,18640531,20372,2.433,Returning,False
CMP00401,TT-Aug-066,TikTok,2024-08-04,2024-08-28,5000000,4425745,177771,5351,3.01,137,30199527,32304,6.824,New,False
CMP00084,EM-Feb-010,Email,2024-02-04,2024-02-18,5000000,5106840,435061,74351,17.09,10282,31440600,496,6.157,New,True
CMP00239,TT-May-039,TikTok,2024-05-01,2024-05-28,5656347,4735292,154236,3501,2.27,135,2978485,35076,0.629,New,True
CMP00166,FB-Apr-030,Facebook,2024-04-14,2024-04-25,12348933,10737315,223597,4339,1.94,120,25295836,89477,2.356,New,False
CMP00248,EM-May-039,Email,2024-05-14,2024-05-30,5000000,3614684,273876,68600,25.05,6989,15803474,517,4.372,Returning,False
CMP00355,EM-Jul-056,Email,2024-07-05,2024-07-28,5000000,4473851,378829,68906,18.19,7103,17329015,629,3.873,VIP,False
CMP00075,TT-Feb-010,TikTok,2024-02-08,2024-02-28,6860161,6949292,227845,5931,2.6,321,53477775,21648,7.695,Returning,True
CMP00303,EM-Jun-049,Email,2024-06-15,2024-06-26,5000000,3548870,325280,81908,25.18,6232,14790767,569,4.168,Returning,False
CMP00406,TT-Aug-071,TikTok,2024-08-10,2024-08-28,5000000,4120823,161367,5428,3.36,129,17697241,31944,4.295,Returning,False
CMP00238,TT-May-038,TikTok,2024-05-09,2024-05-30,6114750,6088211,246204,6442,2.62,211,5730585,28854,0.941,Win-back,False
CMP00120,GG-Mar-020,Google,2024-03-04,2024-03-15,11410681,9918493,269596,12862,4.77,679,33100268,14607,3.337,Win-back,True
CMP00475,SM-Sep-077,SMS,2024-09-06,2024-09-19,5000000,4348058,623755,113404,18.18,7079,14952069,614,3.439,VIP,False
CMP00463,EM-Sep-074,Email,2024-09-10,2024-09-26,5000000,4155550,387154,86411,22.32,6859,13392431,605,3.223,VIP,False
CMP00322,AF-Jun-050,Affiliate,2024-06-13,2024-06-21,5000000,4107909,123756,4154,3.36,134,14497331,30656,3.529,VIP,False
CMP00347,TT-Jul-057,TikTok,2024-07-22,2024-07-29,5000000,4086200,152170,4575,3.01,157,5727589,26026,1.402,New,False
CMP00393,GG-Aug-068,Google,2024-08-12,2024-08-23,5481826,4147555,111275,3777,3.39,119,13071363,34853,3.152,Win-back,False
CMP00441,FB-Sep-080,Facebook,2024-09-03,2024-09-22,9739234,7066306,134360,671,0.5,17,15738707,415665,2.227,New,True
CMP00276,FB-Jun-050,Facebook,2024-06-08,2024-06-16,7422095,5989971,131105,3324,2.54,69,13526364,86811,2.258,New,False
CMP00375,AF-Jul-058,Affiliate,2024-07-06,2024-07-15,5000000,4525877,120854,4852,4.02,200,19108958,22629,4.222,Win-back,False
CMP00269,AF-May-042,Affiliate,2024-05-03,2024-05-17,5000000,5241454,145020,2761,1.9,99,27888893,52943,5.321,Win-back,True
CMP00037,EM-Jan-008,Email,2024-01-05,2024-01-16,5000000,4581455,428067,76311,17.83,5185,15403307,883,3.362,New,False
CMP00197,EM-Apr-033,Email,2024-04-01,2024-04-11,5000000,4816868,383995,94264,24.55,7501,22874807,642,4.749,Win-back,False
CMP00140,EM-Mar-021,Email,2024-03-01,2024-03-30,5000000,3546159,294099,71107,24.18,9870,24535051,359,6.919,Win-back,True
CMP00357,EM-Jul-058,Email,2024-07-02,2024-07-27,5000000,3586474,289697,68800,23.75,5004,13713311,716,3.824,New,False
CMP00232,GG-May-042,Google,2024-05-10,2024-05-21,5073873,4080108,91542,3446,3.77,149,12371260,27383,3.032,New,False
CMP00387,FB-Aug-071,Facebook,2024-08-08,2024-08-17,10045988,7950310,152668,2068,1.35,55,16538539,144551,2.08,Win-back,False
CMP00281,FB-Jun-055,Facebook,2024-06-04,2024-06-25,12080517,9433494,235140,4218,1.79,106,24198471,88995,2.565,New,False
CMP00060,FB-Feb-014,Facebook,2024-02-03,2024-02-17,9991418,7590861,187863,2179,1.16,54,27778312,140571,3.659,VIP,True
CMP00112,FB-Mar-021,Facebook,2024-03-02,2024-03-28,10582914,10743496,245804,4907,2.0,134,21193941,80175,1.973,Returning,True
CMP00246,EM-May-037,Email,2024-05-06,2024-05-21,5000000,4711247,430280,81100,18.85,7085,19137881,664,4.062,New,False
CMP00379,AF-Jul-062,Affiliate,2024-07-07,2024-07-26,5000000,4566605,116414,3037,2.61,115,13707526,39709,3.002,Win-back,False
CMP00007,FB-Jan-007,Facebook,2024-01-07,2024-01-25,11137407,10417163,250229,4519,1.81,81,16591400,128606,1.593,Returning,False
CMP00353,TT-Jul-063,TikTok,2024-07-01,2024-07-14,6563400,6152994,232139,7191,3.1,176,12441245,34960,2.022,Win-back,False
CMP00339,GG-Jul-059,Google,2024-07-07,2024-07-25,8536533,6380448,143320,5708,3.98,265,12868816,24077,2.017,VIP,False
CMP00332,FB-Jul-061,Facebook,2024-07-07,2024-07-14,9493559,8544448,202545,3553,1.75,92,17528634,92874,2.051,New,False
CMP00159,AF-Mar-022,Affiliate,2024-03-02,2024-03-29,5000000,3709500,91239,2587,2.84,117,12388675,31705,3.34,VIP,True
CMP00151,SM-Mar-023,SMS,2024-03-12,2024-03-23,5000000,4040013,498692,96400,19.33,5993,11728679,674,2.903,New,False
CMP00178,GG-Apr-033,Google,2024-04-02,2024-04-29,9659459,8720519,239514,9408,3.93,383,32956356,22768,3.779,Win-back,True
CMP00424,SM-Aug-071,SMS,2024-08-01,2024-08-24,5000000,4792539,518412,10988,2.12,772,17092878,6207,3.567,New,False
CMP00185,TT-Apr-030,TikTok,2024-04-03,2024-04-29,5000000,3954577,137282,2575,1.88,103,6850621,38393,1.732,New,True
CMP00278,FB-Jun-052,Facebook,2024-06-13,2024-06-22,10399927,8047875,152406,3153,2.07,77,10934493,104517,1.359,VIP,False
CMP00011,GG-Jan-001,Google,2024-01-01,2024-01-27,8028280,6377651,187225,6924,3.7,387,19680309,16479,3.086,Win-back,True
CMP00473,SM-Sep-075,SMS,2024-09-01,2024-09-30,5000000,4088233,484569,60069,12.4,4718,17762472,866,4.345,Returning,True
CMP00104,AF-Feb-012,Affiliate,2024-02-03,2024-02-27,5000000,3721054,99615,3633,3.65,202,15364233,18421,4.129,Returning,True
CMP00082,TT-Feb-017,TikTok,2024-02-05,2024-02-26,6532311,5915945,231289,6547,2.83,267,7547061,22157,1.276,Returning,True
CMP00039,SM-Jan-001,SMS,2024-01-03,2024-01-28,5000000,4560462,536878,84000,15.65,5342,20011840,853,4.388,New,True
CMP00478,SM-Sep-080,SMS,2024-09-06,2024-09-29,5000000,5160463,649052,68132,10.5,3805,11366526,1356,2.203,New,False
CMP00168,FB-Apr-032,Facebook,2024-04-08,2024-04-24,11748733,9382378,180862,3886,2.15,74,16821792,126788,1.793,New,False
CMP00458,TT-Sep-078,TikTok,2024-09-09,2024-09-16,5574201,5048815,161680,5542,3.43,215,4466976,23482,0.885,New,False
CMP00291,TT-Jun-046,TikTok,2024-06-03,2024-06-17,5349923,5371062,197168,5753,2.92,178,11295598,30174,2.103,VIP,False
CMP00288,GG-Jun-053,Google,2024-06-04,2024-06-29,8552833,6680231,201128,5075,2.52,247,16044163,27045,2.402,New,False
CMP00199,EM-Apr-035,Email,2024-04-02,2024-04-25,5000000,3662913,299804,67329,22.46,6447,11529515,568,3.148,Win-back,False
CMP00292,TT-Jun-047,TikTok,2024-06-14,2024-06-22,5000000,3549944,141132,2758,1.95,93,1905093,38171,0.537,New,False
CMP00250,EM-May-041,Email,2024-05-23,2024-05-29,5000000,4204186,311658,31961,10.26,2632,18878097,1597,4.49,Returning,False
CMP00267,AF-May-040,Affiliate,2024-05-10,2024-05-26,5000000,4125629,107721,2495,2.32,69,16381844,59791,3.971,Win-back,False
CMP00195,EM-Apr-031,Email,2024-04-03,2024-04-28,5000000,3686417,319094,70729,22.17,6094,23470857,604,6.367,Returning,True
CMP00090,EM-Feb-016,Email,2024-02-02,2024-02-20,5000000,4581341,403456,68136,16.89,9109,30749782,502,6.712,Win-back,True
CMP00147,SM-Mar-019,SMS,2024-03-04,2024-03-25,5000000,3881521,550322,74632,13.56,5029,17668078,771,4.552,Win-back,True
CMP00164,AF-Mar-027,Affiliate,2024-03-01,2024-03-29,5000000,4151986,121957,2610,2.14,150,18624806,27679,4.486,Returning,True
CMP00263,SM-May-045,SMS,2024-05-12,2024-05-30,5000000,4176161,501976,57776,11.51,4300,12401009,971,2.969,Win-back,False
CMP00148,SM-Mar-020,SMS,2024-03-02,2024-03-13,5000000,4500083,503795,34143,6.78,2484,16067682,1811,3.571,Returning,True
CMP00003,FB-Jan-003,Facebook,2024-01-06,2024-01-30,8555210,8308197,159179,3485,2.19,118,18888566,70408,2.273,Win-back,True
CMP00093,SM-Feb-010,SMS,2024-02-14,2024-02-27,5000000,3801060,420617,50918,12.11,2278,14974370,1668,3.94,New,False
CMP00392,GG-Aug-067,Google,2024-08-01,2024-08-27,11375504,9648869,221233,7569,3.42,359,19778541,26877,2.05,New,False
CMP00070,GG-Feb-015,Google,2024-02-04,2024-02-25,6669244,5034854,149859,4750,3.17,201,18102334,25049,3.595,VIP,True
CMP00282,GG-Jun-047,Google,2024-06-11,2024-06-17,9894936,8874831,211054,7239,3.43,283,21126790,31359,2.381,Win-back,False
CMP00124,GG-Mar-024,Google,2024-03-01,2024-03-25,7206237,5082930,115530,4428,3.83,252,16391479,20170,3.225,Win-back,True
CMP00361,EM-Jul-062,Email,2024-07-07,2024-07-22,5000000,4354119,414832,105349,25.4,8387,23544424,519,5.407,New,False
CMP00097,SM-Feb-014,SMS,2024-02-08,2024-02-28,5000000,4797506,561627,105369,18.76,9141,20727304,524,4.32,Win-back,True
CMP00144,EM-Mar-025,Email,2024-03-18,2024-03-24,5000000,4996229,472594,132060,27.94,10092,22143502,495,4.432,New,False
CMP00240,TT-May-040,TikTok,2024-05-02,2024-05-20,5151115,4692103,147212,3705,2.52,137,23512557,34248,5.011,Returning,True
CMP00287,GG-Jun-052,Google,2024-06-06,2024-06-24,5740472,4551436,127519,5253,4.12,159,10114640,28625,2.222,Returning,False
CMP00098,SM-Feb-015,SMS,2024-02-01,2024-02-26,5000000,3981422,437719,66095,15.1,6506,11242238,611,2.824,New,True
CMP00343,GG-Jul-063,Google,2024-07-14,2024-07-20,7386074,5959946,144468,2405,1.66,69,19567720,86376,3.283,Returning,False
CMP00123,GG-Mar-023,Google,2024-03-01,2024-03-30,10676827,9782672,268908,9351,3.48,536,35010494,18251,3.579,New,True
CMP00184,TT-Apr-029,TikTok,2024-04-03,2024-04-14,6317898,6591251,248762,6156,2.47,206,8145664,31996,1.236,Win-back,False
CMP00203,SM-Apr-030,SMS,2024-04-04,2024-04-27,5000000,4227548,503824,39828,7.91,2404,11570778,1758,2.737,Returning,False
CMP00247,EM-May-038,Email,2024-05-09,2024-05-24,5000000,3849684,344062,54674,15.89,5156,11678778,746,3.034,Win-back,False
CMP00300,EM-Jun-046,Email,2024-06-06,2024-06-15,5000000,3940667,330332,56183,17.01,4903,11443024,803,2.904,VIP,False
CMP00354,EM-Jul-055,Email,2024-07-07,2024-07-16,5000000,4004150,380153,56182,14.78,4509,23893578,888,5.967,Returning,False
CMP00374,AF-Jul-057,Affiliate,2024-07-03,2024-07-30,5000000,5027925,140838,4530,3.22,126,21566096,39904,4.289,Returning,False
CMP00295,TT-Jun-050,TikTok,2024-06-18,2024-06-24,6826887,6644542,215324,4236,1.97,113,7337553,58801,1.104,New,False
CMP00464,EM-Sep-075,Email,2024-09-11,2024-09-20,5000000,3628601,336043,82832,24.65,5910,15921376,613,4.388,New,False
CMP00279,FB-Jun-053,Facebook,2024-06-11,2024-06-29,8818693,8127377,160473,1463,0.91,30,10242562,270912,1.26,Returning,False
CMP00126,GG-Mar-026,Google,2024-03-01,2024-03-30,5953020,4791420,129780,2547,1.96,182,17284795,26326,3.607,New,True
CMP00297,TT-Jun-052,TikTok,2024-06-01,2024-06-24,5000000,3738648,142018,3493,2.46,73,1121594,51214,0.3,New,False
CMP00224,FB-May-043,Facebook,2024-05-02,2024-05-24,11197874,10963887,230889,5062,2.19,202,26126010,54276,2.383,Returning,True
CMP00411,EM-Aug-067,Email,2024-08-02,2024-08-11,5000000,4166823,376083,78945,20.99,6999,16069141,595,3.856,Win-back,False
CMP00220,FB-May-039,Facebook,2024-05-12,2024-05-28,7499148,6379459,157057,1455,0.93,38,14906157,167880,2.337,New,False
CMP00130,TT-Mar-020,TikTok,2024-03-08,2024-03-15,5000000,3843851,146717,3840,2.62,128,2719806,30030,0.708,Win-back,True
CMP00413,EM-Aug-069,Email,2024-08-01,2024-08-21,5000000,4718685,372911,65288,17.51,4551,25595087,1036,5.424,Returning,False
CMP00457,TT-Sep-077,TikTok,2024-09-01,2024-09-28,5160817,4679380,156591,5687,3.63,258,3980862,18137,0.851,Win-back,True
CMP00323,AF-Jun-051,Affiliate,2024-06-06,2024-06-24,5000000,4359057,138664,3682,2.66,113,14295582,38575,3.28,Win-back,False
CMP00369,SM-Jul-061,SMS,2024-07-07,2024-07-23,5000000,5020052,574529,60708,10.57,4125,12493121,1216,2.489,Returning,False
CMP00408,EM-Aug-064,Email,2024-08-08,2024-08-20,5000000,3742569,285694,22036,7.71,1653,16106372,2264,4.304,New,False
CMP00348,TT-Jul-058,TikTok,2024-07-07,2024-07-24,6358522,6164385,196949,7350,3.73,244,13328227,25263,2.162,New,False
CMP00389,FB-Aug-073,Facebook,2024-08-11,2024-08-19,10866681,10731992,223607,4371,1.96,139,20310362,77208,1.893,New,False
CMP00359,EM-Jul-060,Email,2024-07-04,2024-07-28,5000000,4605754,398315,53405,13.41,3839,20110733,1199,4.366,Returning,False
CMP00334,FB-Jul-063,Facebook,2024-07-01,2024-07-30,9900586,8094923,178147,3086,1.73,71,18768780,114013,2.319,New,False
CMP00113,FB-Mar-022,Facebook,2024-03-01,2024-03-27,8723390,7678840,154632,3095,2.0,88,16323208,87259,2.126,VIP,True
CMP00180,GG-Apr-035,Google,2024-04-05,2024-04-29,10703544,9390958,235436,8880,3.77,565,35001735,16621,3.727,VIP,True
CMP00302,EM-Jun-048,Email,2024-06-15,2024-06-28,5000000,5097441,477315,29937,6.27,2597,22347557,1962,4.384,Returning,False
CMP00333,FB-Jul-062,Facebook,2024-07-01,2024-07-25,8514465,7347915,162688,2182,1.34,55,11006859,133598,1.498,Win-back,False
CMP00324,AF-Jun-052,Affiliate,2024-06-01,2024-06-30,5000000,4982672,124020,2757,2.22,107,13035867,46567,2.616,Win-back,False
CMP00470,EM-Sep-081,Email,2024-09-05,2024-09-22,5000000,4977227,356099,65126,18.29,7982,34746180,623,6.981,New,True
CMP00352,TT-Jul-062,TikTok,2024-07-09,2024-07-18,7136806,5178484,178356,3674,2.06,122,35093561,42446,6.777,VIP,False
CMP00234,GG-May-044,Google,2024-05-04,2024-05-18,8052994,7822005,195749,8078,4.13,559,25378007,13992,3.244,Win-back,True
CMP00306,EM-Jun-052,Email,2024-06-01,2024-06-21,5000000,5067246,479703,79425,16.56,7481,22429564,677,4.426,VIP,False
CMP00165,FB-Apr-029,Facebook,2024-04-01,2024-04-29,9435201,6755229,144648,2164,1.5,60,20548566,112587,3.042,New,True
CMP00137,TT-Mar-027,TikTok,2024-03-01,2024-03-13,5000000,4707931,147858,3795,2.57,202,1412379,23306,0.3,Returning,True
CMP00198,EM-Apr-034,Email,2024-04-01,2024-04-30,5000000,5016518,470601,96908,20.59,9948,30845319,504,6.149,Returning,True
CMP00259,SM-May-041,SMS,2024-05-15,2024-05-27,5000000,4238889,522763,75757,14.49,4566,11450405,928,2.701,New,False
CMP00233,GG-May-043,Google,2024-05-08,2024-05-15,5752092,4628864,138980,5341,3.84,180,11544323,25715,2.494,VIP,False
CMP00116,FB-Mar-025,Facebook,2024-03-06,2024-03-23,7591716,6533767,134783,2080,1.54,80,23637272,81672,3.618,Returning,True
CMP00121,GG-Mar-021,Google,2024-03-17,2024-03-27,5813409,4269534,119033,3531,2.97,144,11033409,29649,2.584,VIP,False
CMP00342,GG-Jul-062,Google,2024-07-09,2024-07-22,7772243,8023318,224907,9993,4.44,391,20513791,20519,2.557,New,False
CMP00225,FB-May-044,Facebook,2024-05-16,2024-05-29,6926233,7095876,160160,2564,1.6,66,17084981,107513,2.408,Win-back,False
CMP00395,GG-Aug-070,Google,2024-08-14,2024-08-25,5074911,4600883,110926,4592,4.14,142,12953442,32400,2.815,VIP,False
CMP00476,SM-Sep-078,SMS,2024-09-14,2024-09-24,5000000,4802502,604107,116403,19.27,8664,10928628,554,2.276,Returning,False
CMP00128,GG-Mar-028,Google,2024-03-03,2024-03-28,5282447,4572775,134410,5892,4.38,368,15215874,12426,3.327,Returning,True
CMP00286,GG-Jun-051,Google,2024-06-02,2024-06-16,7458505,6678015,166018,5398,3.25,221,17519660,30217,2.623,VIP,False
CMP00404,TT-Aug-069,TikTok,2024-08-06,2024-08-25,5000000,4782970,159751,4084,2.56,118,19550538,40533,4.088,New,False
CMP00108,AF-Feb-016,Affiliate,2024-02-06,2024-02-22,5000000,3853268,97191,1494,1.54,61,15537310,63168,4.032,Returning,True
CMP00363,SM-Jul-055,SMS,2024-07-01,2024-07-26,5000000,3717552,533293,24338,4.56,1344,13727155,2766,3.693,New,False
CMP00440,FB-Sep-079,Facebook,2024-09-03,2024-09-28,8445158,6278443,133585,2172,1.63,75,17282951,83712,2.753,New,True
CMP00134,TT-Mar-024,TikTok,2024-03-13,2024-03-20,5000000,4265037,153530,5757,3.75,147,18809985,29013,4.41,Returning,False
CMP00356,EM-Jul-057,Email,2024-07-11,2024-07-28,5000000,3835377,357942,70040,19.57,5861,20740546,654,5.408,Returning,False
CMP00045,SM-Jan-007,SMS,2024-01-12,2024-01-20,5000000,3964814,533942,49691,9.31,3812,11499758,1040,2.9,Returning,False
CMP00450,GG-Sep-080,Google,2024-09-01,2024-09-08,9756307,8366991,226803,8769,3.87,459,23778009,18228,2.842,Returning,True
CMP00066,GG-Feb-011,Google,2024-02-01,2024-02-25,6271000,6241672,165689,8814,5.32,478,21192576,13057,3.395,VIP,True
CMP00284,GG-Jun-049,Google,2024-06-08,2024-06-23,7380159,5312210,137214,4873,3.55,178,18616036,29843,3.504,New,False
CMP00086,EM-Feb-012,Email,2024-02-02,2024-02-28,5000000,4732619,433400,56919,13.13,5213,25364059,907,5.359,New,True
CMP00243,TT-May-043,TikTok,2024-05-11,2024-05-17,5042260,4295070,159091,4135,2.6,117,6720721,36710,1.565,Returning,False
CMP00187,TT-Apr-032,TikTok,2024-04-03,2024-04-27,5086391,3648136,135788,2980,2.2,97,8804233,37609,2.413,Win-back,False
CMP00160,AF-Mar-023,Affiliate,2024-03-10,2024-03-29,5000000,3529191,99409,965,0.97,58,18564551,60848,5.26,VIP,True
CMP00013,GG-Jan-003,Google,2024-01-21,2024-01-29,8778321,6552557,166048,4419,2.66,210,23683754,31202,3.614,New,True
CMP00036,EM-Jan-007,Email,2024-01-02,2024-01-29,5000000,5207295,458281,113077,24.67,9960,33851904,522,6.501,VIP,True
CMP00029,TT-Jan-009,TikTok,2024-01-02,2024-01-29,6579937,4676304,171669,7716,4.5,347,25472724,13476,5.447,Returning,True
CMP00171,FB-Apr-035,Facebook,2024-04-17,2024-04-27,12202606,8783849,197270,3500,1.77,92,20163946,95476,2.296,Win-back,False
CMP00143,EM-Mar-024,Email,2024-03-03,2024-03-17,5000000,4837656,354810,35148,9.91,3783,34229666,1278,7.076,New,True
CMP00391,GG-Aug-066,Google,2024-08-12,2024-08-30,6613519,5740835,164901,10162,6.16,430,10200501,13350,1.777,New,False
CMP00336,GG-Jul-056,Google,2024-07-04,2024-07-29,8376337,7369168,174170,7199,4.13,344,21414016,21422,2.906,Returning,False
CMP00222,FB-May-041,Facebook,2024-05-03,2024-05-27,10140114,9920140,205530,3316,1.61,87,31037132,114024,3.129,New,True
CMP00096,SM-Feb-013,SMS,2024-02-02,2024-02-24,5000000,4157613,470390,52377,11.13,3573,19726984,1163,4.745,New,True
CMP00052,AF-Jan-005,Affiliate,2024-01-03,2024-01-25,5000000,4023462,125195,3405,2.72,98,11980862,41055,2.978,Returning,False
CMP00241,TT-May-041,TikTok,2024-05-16,2024-05-22,5000000,3768737,152818,5742,3.76,193,3874616,19527,1.028,New,False
CMP00365,SM-Jul-057,SMS,2024-07-02,2024-07-29,5000000,5085581,543521,67520,12.42,4369,12605721,1164,2.479,Returning,False
CMP00371,SM-Jul-063,SMS,2024-07-01,2024-07-30,5000000,4544933,522374,93067,17.82,4645,13110732,978,2.885,New,False
CMP00179,GG-Apr-034,Google,2024-04-03,2024-04-21,9140810,8517900,202465,8328,4.11,411,23043686,20724,2.705,VIP,False
CMP00042,SM-Jan-004,SMS,2024-01-15,2024-01-30,5000000,5185950,640947,100888,15.74,7618,21581321,680,4.161,Returning,True
CMP00383,FB-Aug-067,Facebook,2024-08-16,2024-08-25,7017622,5686180,112931,1700,1.51,39,4481259,145799,0.788,New,False
CMP00207,SM-Apr-034,SMS,2024-04-06,2024-04-25,5000000,3658596,513528,85648,16.68,3951,7889581,925,2.156,Returning,False
CMP00283,GG-Jun-048,Google,2024-06-11,2024-06-29,9241530,9301238,211377,7909,3.74,398,27003472,23369,2.903,Returning,False
CMP00255,SM-May-037,SMS,2024-05-07,2024-05-19,5000000,4235606,465237,76394,16.42,4968,14902493,852,3.518,Returning,False
CMP00405,TT-Aug-070,TikTok,2024-08-17,2024-08-28,7410167,5426300,165300,2323,1.41,59,10379732,91971,1.913,VIP,False
CMP00005,FB-Jan-005,Facebook,2024-01-07,2024-01-13,6410944,4741503,98431,936,0.95,27,10524869,175611,2.22,Win-back,False
CMP00257,SM-May-039,SMS,2024-05-19,2024-05-26,5000000,5223278,643123,62555,9.73,3225,12852388,1619,2.461,Win-back,False
CMP00439,FB-Sep-078,Facebook,2024-09-02,2024-09-28,8258826,7365905,171973,4610,2.68,169,16888685,43585,2.293,Returning,True
CMP00101,SM-Feb-018,SMS,2024-02-01,2024-02-29,5000000,4105355,589641,37964,6.44,3140,13421826,1307,3.269,New,True
CMP00227,FB-May-046,Facebook,2024-05-02,2024-05-08,10513590,8254825,191979,3609,1.88,94,10195265,87817,1.235,VIP,True
CMP00419,SM-Aug-066,SMS,2024-08-20,2024-08-26,5000000,4261090,540728,67059,12.4,3749,12382823,1136,2.906,New,False
CMP00214,AF-Apr-032,Affiliate,2024-04-03,2024-04-29,5000000,3573606,112855,2566,2.27,138,16176988,25895,4.527,Returning,True
CMP00172,FB-Apr-036,Facebook,2024-04-12,2024-04-27,10892891,11276029,224867,3337,1.48,75,21301838,150347,1.889,New,False
CMP00099,SM-Feb-016,SMS,2024-02-04,2024-02-21,5000000,3653213,450937,43187,9.58,2839,15998136,1286,4.379,Win-back,True
CMP00293,TT-Jun-048,TikTok,2024-06-01,2024-06-30,5000000,3643068,119627,3137,2.62,121,1092920,30108,0.3,Win-back,False
CMP00216,AF-Apr-034,Affiliate,2024-04-14,2024-04-29,5000000,3876047,100477,1953,1.94,85,16900876,45600,4.36,New,True
CMP00062,FB-Feb-016,Facebook,2024-02-01,2024-02-28,10148079,8129731,168303,4358,2.59,176,18516312,46191,2.278,Returning,True
CMP00048,AF-Jan-001,Affiliate,2024-01-05,2024-01-26,5000000,3814342,121125,2440,2.01,104,13175031,36676,3.454,Win-back,False
CMP00033,EM-Jan-004,Email,2024-01-01,2024-01-29,5000000,4418764,420393,90205,21.46,9919,29933737,445,6.774,Win-back,True
CMP00268,AF-May-041,Affiliate,2024-05-02,2024-05-30,5000000,4688232,140757,2587,1.84,118,20187938,39730,4.306,New,True
CMP00328,FB-Jul-057,Facebook,2024-07-06,2024-07-20,6569362,6829486,137854,2504,1.82,60,17192955,113824,2.517,New,False
CMP00201,SM-Apr-028,SMS,2024-04-02,2024-04-22,5000000,4808950,626284,51506,8.22,3586,11236287,1341,2.337,New,False
CMP00437,FB-Sep-076,Facebook,2024-09-02,2024-09-12,6538982,5654514,127618,3493,2.74,128,7593819,44175,1.343,New,True
CMP00028,TT-Jan-008,TikTok,2024-01-02,2024-01-30,5975740,6203322,227660,11475,5.04,366,10761048,16948,1.735,Returning,True
CMP00382,FB-Aug-066,Facebook,2024-08-08,2024-08-25,9418356,7232626,141496,2022,1.43,36,16530040,200906,2.285,Returning,False
CMP00231,GG-May-041,Google,2024-05-02,2024-05-30,10846847,8890818,261518,7081,2.71,455,25074694,19540,2.82,Win-back,True
CMP00261,SM-May-043,SMS,2024-05-13,2024-05-21,5000000,4849074,673262,46377,6.89,2659,15732581,1823,3.244,New,False
CMP00289,GG-Jun-054,Google,2024-06-01,2024-06-30,9394802,8293669,230726,3353,1.45,116,22834817,71497,2.753,Returning,False
CMP00163,AF-Mar-026,Affiliate,2024-03-20,2024-03-28,5000000,3539807,111690,2586,2.32,106,9203330,33394,2.6,Returning,False
CMP00417,SM-Aug-064,SMS,2024-08-08,2024-08-24,5000000,3668113,418370,28165,6.73,1883,6833633,1948,1.863,Returning,False
CMP00139,EM-Mar-020,Email,2024-03-14,2024-03-24,5000000,4275903,381321,45325,11.89,3431,18957100,1246,4.433,Returning,False
CMP00063,FB-Feb-017,Facebook,2024-02-07,2024-02-19,11334323,8882500,200737,5181,2.58,228,22129635,38958,2.491,New,True
CMP00136,TT-Mar-026,TikTok,2024-03-13,2024-03-22,5000000,4497716,151912,3568,2.35,115,4171411,39110,0.927,Win-back,False
CMP00129,TT-Mar-019,TikTok,2024-03-10,2024-03-26,5000000,4240732,156898,5341,3.4,184,18183014,23047,4.288,New,True
CMP00465,EM-Sep-076,Email,2024-09-14,2024-09-25,5000000,3656018,277863,48868,17.59,2955,16202204,1237,4.432,New,False
CMP00009,FB-Jan-009,Facebook,2024-01-12,2024-01-24,8636352,6815626,146781,1531,1.04,39,12432996,174759,1.824,Returning,False
CMP00327,FB-Jul-056,Facebook,2024-07-03,2024-07-14,10042788,8307794,185121,3563,1.93,94,6972971,88380,0.839,VIP,False
CMP00453,TT-Sep-073,TikTok,2024-09-01,2024-09-25,5000000,5076034,174407,5430,3.11,250,18760400,20304,3.696,Win-back,True
CMP00065,FB-Feb-019,Facebook,2024-02-12,2024-02-18,8353911,7936939,161028,4399,2.73,138,11936721,57514,1.504,New,False
CMP00301,EM-Jun-047,Email,2024-06-01,2024-06-30,5000000,3570268,298266,66778,22.39,5602,15238232,637,4.268,New,False
CMP00015,GG-Jan-005,Google,2024-01-07,2024-01-29,11596315,9259931,280211,12755,4.55,609,30162664,15205,3.257,VIP,True
CMP00157,AF-Mar-020,Affiliate,2024-03-04,2024-03-23,5000000,4333192,133410,2943,2.21,148,20663391,29278,4.769,VIP,True
CMP00041,SM-Jan-003,SMS,2024-01-09,2024-01-19,5000000,4679908,566949,52943,9.34,3087,14496421,1516,3.098,VIP,False
CMP00380,AF-Jul-063,Affiliate,2024-07-06,2024-07-20,5000000,3787269,103312,2708,2.62,73,10359506,51880,2.735,Returning,False
CMP00449,GG-Sep-079,Google,2024-09-03,2024-09-26,10883024,8061485,213412,6392,3.0,399,35617039,20204,4.418,New,True
CMP00396,GG-Aug-071,Google,2024-08-08,2024-08-29,6398643,5267912,146093,4420,3.03,179,13074616,29429,2.482,New,False
CMP00217,AF-Apr-035,Affiliate,2024-04-02,2024-04-24,5000000,4000618,107594,2402,2.23,63,11802752,63501,2.95,New,False
CMP00280,FB-Jun-054,Facebook,2024-06-02,2024-06-15,7314212,7077091,142943,2759,1.93,53,15186570,133530,2.146,Returning,False
CMP00425,SM-Aug-072,SMS,2024-08-02,2024-08-27,5000000,3972815,481757,50851,10.56,2364,10553430,1680,2.656,New,False
CMP00421,SM-Aug-068,SMS,2024-08-08,2024-08-22,5000000,3517643,406528,46340,11.4,3321,11466217,1059,3.26,Win-back,False
CMP00338,GG-Jul-058,Google,2024-07-06,2024-07-30,5649975,4047411,94612,3650,3.86,149,11582016,27163,2.862,VIP,False
CMP00237,TT-May-037,TikTok,2024-05-08,2024-05-29,5000000,4398434,160047,3779,2.36,121,4610061,36350,1.048,New,False
CMP00208,SM-Apr-035,SMS,2024-04-07,2024-04-21,5000000,4196230,557424,43760,7.85,2299,13056821,1825,3.112,New,False
CMP00213,AF-Apr-031,Affiliate,2024-04-09,2024-04-20,5000000,4772035,147759,3003,2.03,89,16429261,53618,3.443,VIP,False
CMP00296,TT-Jun-051,TikTok,2024-06-01,2024-06-27,5000000,4282646,141716,4692,3.31,133,9203513,32200,2.149,Win-back,False
CMP00447,GG-Sep-077,Google,2024-09-18,2024-09-29,10786535,10908321,258576,11036,4.27,315,25180966,34629,2.308,New,False
CMP00252,EM-May-043,Email,2024-05-12,2024-05-22,5000000,4088755,333678,39836,11.94,4054,19338596,1008,4.73,VIP,False
CMP00477,SM-Sep-079,SMS,2024-09-02,2024-09-17,5000000,4666669,643604,88700,13.78,6571,19604436,710,4.201,New,True
CMP00448,GG-Sep-078,Google,2024-09-03,2024-09-26,10485562,7652733,214369,10349,4.83,654,27070922,11701,3.537,Win-back,True
CMP00304,EM-Jun-050,Email,2024-06-06,2024-06-17,5000000,5012399,366779,74920,20.43,4358,27061712,1150,5.399,Returning,False
CMP00351,TT-Jul-061,TikTok,2024-07-11,2024-07-29,6724470,5058351,184920,5575,3.02,132,12747834,38320,2.52,New,False
CMP00270,AF-May-043,Affiliate,2024-05-01,2024-05-22,5000000,4575461,126518,2020,1.6,105,12313975,43575,2.691,New,True
CMP00202,SM-Apr-029,SMS,2024-04-11,2024-04-27,5000000,4027805,467438,52110,11.15,3730,10716695,1079,2.661,Win-back,False
CMP00162,AF-Mar-025,Affiliate,2024-03-06,2024-03-13,5000000,4139918,103631,2113,2.04,101,18096992,40989,4.371,Win-back,True
CMP00044,SM-Jan-006,SMS,2024-01-02,2024-01-27,5000000,4049023,433152,48700,11.24,2949,10694962,1373,2.641,Returning,True
CMP00218,AF-Apr-036,Affiliate,2024-04-17,2024-04-29,5000000,5177274,155872,2187,1.4,84,17204641,61634,3.323,Win-back,True
CMP00402,TT-Aug-067,TikTok,2024-08-07,2024-08-18,6840478,5643316,209063,7008,3.35,216,37075374,26126,6.57,New,False
CMP00191,TT-Apr-036,TikTok,2024-04-02,2024-04-14,5000000,4638673,171400,3191,1.86,106,3604523,43761,0.777,New,False
CMP00310,SM-Jun-047,SMS,2024-06-01,2024-06-15,5000000,4319487,523449,46900,8.96,3112,12248275,1388,2.836,Win-back,False
CMP00260,SM-May-042,SMS,2024-05-05,2024-05-30,5000000,4915163,672054,107696,16.02,9786,18807004,502,3.826,New,True
CMP00106,AF-Feb-014,Affiliate,2024-02-17,2024-02-24,5000000,5151367,150331,3275,2.18,132,16316867,39025,3.167,VIP,False
CMP00054,AF-Jan-007,Affiliate,2024-01-04,2024-01-22,5000000,5020640,126976,2366,1.86,80,16902914,62758,3.367,Returning,False
CMP00390,GG-Aug-065,Google,2024-08-11,2024-08-22,5144382,5311643,146355,4349,2.97,195,12170626,27239,2.291,Win-back,False
CMP00002,FB-Jan-002,Facebook,2024-01-08,2024-01-22,10316291,10580954,217207,4957,2.28,106,20437138,99820,1.932,Returning,False
CMP00432,AF-Aug-070,Affiliate,2024-08-02,2024-08-22,5000000,4370320,122047,2772,2.27,80,14621769,54629,3.346,Win-back,False
CMP00471,SM-Sep-073,SMS,2024-09-06,2024-09-21,5000000,4494558,633649,25756,4.06,1571,14258679,2860,3.172,VIP,False
CMP00050,AF-Jan-003,Affiliate,2024-01-09,2024-01-28,5000000,5023699,126185,3048,2.42,191,22965667,26302,4.571,Returning,True
CMP00081,TT-Feb-016,TikTok,2024-02-12,2024-02-18,5000000,5162580,177535,4297,2.42,167,8097281,30913,1.568,Returning,False
CMP00206,SM-Apr-033,SMS,2024-04-01,2024-04-28,5000000,4734181,632359,70538,11.15,4167,18704916,1136,3.951,VIP,True
CMP00035,EM-Jan-006,Email,2024-01-13,2024-01-29,5000000,4687293,431632,70362,16.3,8682,21512226,539,4.589,VIP,True
CMP00264,AF-May-037,Affiliate,2024-05-14,2024-05-27,5000000,5128318,153054,4041,2.64,157,14421685,32664,2.812,New,False
CMP00367,SM-Jul-059,SMS,2024-07-03,2024-07-20,5000000,5098715,615624,74224,12.06,3765,14389913,1354,2.822,Win-back,False
CMP00092,EM-Feb-018,Email,2024-02-20,2024-02-26,5000000,3553908,316417,65809,20.8,4558,14454316,779,4.067,New,False
CMP00340,GG-Jul-060,Google,2024-07-03,2024-07-14,10008106,9155412,237649,7780,3.27,351,19269850,26083,2.105,Win-back,False
CMP00462,EM-Sep-073,Email,2024-09-16,2024-09-22,5000000,3821000,297201,60208,20.26,5038,14364108,758,3.759,New,False
CMP00053,AF-Jan-006,Affiliate,2024-01-01,2024-01-24,5000000,4052661,121433,3070,2.53,117,13017414,34638,3.212,VIP,False
CMP00346,TT-Jul-056,TikTok,2024-07-13,2024-07-26,5926262,5372112,190894,7943,4.16,243,5858628,22107,1.091,Win-back,False
CMP00265,AF-May-038,Affiliate,2024-05-10,2024-05-30,5000000,3609862,97627,965,0.99,26,7981303,138840,2.211,New,False
CMP00242,TT-May-042,TikTok,2024-05-19,2024-05-29,5125476,4237957,162859,3002,1.84,103,1619387,41145,0.382,Returning,False
CMP00014,GG-Jan-004,Google,2024-01-11,2024-01-20,6835221,5974330,149946,5763,3.84,262,15244217,22802,2.552,New,False
CMP00316,SM-Jun-053,SMS,2024-06-05,2024-06-24,5000000,4580060,592296,49671,8.39,2203,15755782,2079,3.44,Win-back,False
CMP00089,EM-Feb-015,Email,2024-02-01,2024-02-28,5000000,4351957,382794,101532,26.52,14126,23343929,308,5.364,Returning,True
CMP00388,FB-Aug-072,Facebook,2024-08-15,2024-08-21,6912429,6850644,169414,930,0.55,16,12870738,428165,1.879,VIP,False
CMP00274,FB-Jun-048,Facebook,2024-06-10,2024-06-23,11422499,10176423,239709,4143,1.73,75,10604802,135685,1.042,New,False
CMP00167,FB-Apr-031,Facebook,2024-04-10,2024-04-27,13134054,9281173,189194,4752,2.51,143,14698495,64903,1.584,New,False
CMP00329,FB-Jul-058,Facebook,2024-07-09,2024-07-22,10013700,8278056,189989,2757,1.45,49,16831933,168939,2.033,New,False
CMP00481,AF-Sep-074,Affiliate,2024-09-12,2024-09-21,5000000,3536903,105635,2181,2.07,78,14773958,45344,4.177,Returning,False
CMP00135,TT-Mar-025,TikTok,2024-03-01,2024-03-26,5000000,4708679,145670,3656,2.51,139,18394055,33875,3.906,Returning,True
CMP00307,EM-Jun-053,Email,2024-06-13,2024-06-29,5000000,4936941,387471,74624,19.26,7742,19572335,637,3.964,New,False
CMP00469,EM-Sep-080,Email,2024-09-03,2024-09-23,5000000,4905748,409784,93058,22.71,11760,35003945,417,7.135,New,True
CMP00320,AF-Jun-048,Affiliate,2024-06-11,2024-06-27,5000000,4343488,105575,2425,2.3,92,14860476,47211,3.421,Win-back,False
CMP00244,TT-May-044,TikTok,2024-05-08,2024-05-26,5000000,3759431,115902,4135,3.57,128,4225830,29370,1.124,Returning,False
CMP00055,AF-Jan-008,Affiliate,2024-01-07,2024-01-22,5000000,4075430,107440,2453,2.28,103,14793893,39567,3.63,New,False
CMP00364,SM-Jul-056,SMS,2024-07-10,2024-07-26,5000000,3703647,518318,85615,16.52,6498,10673720,569,2.882,VIP,False
CMP00051,AF-Jan-004,Affiliate,2024-01-07,2024-01-29,5000000,4662973,145573,3116,2.14,179,22649783,26050,4.857,New,True
CMP00175,GG-Apr-030,Google,2024-04-01,2024-04-25,10139609,10268154,278278,10645,3.83,386,27494059,26601,2.678,Returning,False
CMP00446,GG-Sep-076,Google,2024-09-03,2024-09-29,8979174,7901767,227178,2747,1.21,140,32427206,56441,4.104,Returning,True
CMP00190,TT-Apr-035,TikTok,2024-04-01,2024-04-27,5000000,4901137,157220,5940,3.78,231,8980265,21217,1.832,Win-back,False
CMP00485,AF-Sep-078,Affiliate,2024-09-05,2024-09-24,5000000,4315485,139711,2331,1.67,127,15337580,33980,3.554,Returning,True
CMP00188,TT-Apr-033,TikTok,2024-04-01,2024-04-29,5000000,4656239,175894,4633,2.63,250,16759754,18624,3.599,VIP,True
CMP00170,FB-Apr-034,Facebook,2024-04-11,2024-04-28,11436524,10037577,233842,5666,2.42,154,27088030,65179,2.699,New,True
CMP00059,FB-Feb-013,Facebook,2024-02-08,2024-02-24,13076727,13308444,263616,2852,1.08,95,30900728,140088,2.322,Returning,True
CMP00049,AF-Jan-002,Affiliate,2024-01-09,2024-01-15,5000000,4745940,147757,4253,2.88,120,16426970,39549,3.461,Returning,False
CMP00345,TT-Jul-055,TikTok,2024-07-01,2024-07-15,5000000,4703381,187121,4946,2.64,105,10461850,44794,2.224,Returning,False
CMP00236,GG-May-046,Google,2024-05-14,2024-05-20,5690863,4638294,107372,2223,2.07,104,12627566,44598,2.722,VIP,False
CMP00253,EM-May-044,Email,2024-05-02,2024-05-28,5000000,3552169,260316,54135,20.8,7394,21692896,480,6.107,Returning,True
CMP00022,TT-Jan-002,TikTok,2024-01-02,2024-01-30,5017040,3727216,119914,3861,3.22,144,1118164,25883,0.3,New,True
CMP00314,SM-Jun-051,SMS,2024-06-01,2024-06-11,5000000,5061524,572406,79294,13.85,3401,18190160,1488,3.594,New,False
CMP00161,AF-Mar-024,Affiliate,2024-03-03,2024-03-30,5000000,3795280,114101,1353,1.19,56,18268787,67772,4.814,Returning,True
CMP00277,FB-Jun-051,Facebook,2024-06-02,2024-06-19,9959186,7162198,146051,2491,1.71,71,12510975,100876,1.747,New,False
CMP00444,GG-Sep-074,Google,2024-09-17,2024-09-23,5798010,5260137,121942,4108,3.37,154,14957753,34156,2.844,VIP,False
CMP00192,EM-Apr-028,Email,2024-04-02,2024-04-11,5000000,4390387,338164,40518,11.98,2730,22240825,1608,5.066,Win-back,False
CMP00386,FB-Aug-070,Facebook,2024-08-03,2024-08-29,13182734,9895030,234016,3148,1.35,65,22848549,152231,2.309,Returning,False
CMP00294,TT-Jun-049,TikTok,2024-06-08,2024-06-21,5000000,5171930,200242,1259,0.63,48,2934070,107748,0.567,New,False
CMP00414,EM-Aug-070,Email,2024-08-02,2024-08-22,5000000,4532351,355974,33112,9.3,2695,18573390,1681,4.098,VIP,False
CMP00344,GG-Jul-064,Google,2024-07-03,2024-07-20,10581540,7657285,177584,3012,1.7,141,20314023,54306,2.653,Returning,False
CMP00258,SM-May-040,SMS,2024-05-15,2024-05-30,5000000,4320020,478447,78002,16.3,4586,14276262,942,3.305,Win-back,False
CMP00309,SM-Jun-046,SMS,2024-06-03,2024-06-18,5000000,4306188,503216,64813,12.88,4494,14143230,958,3.284,Returning,False
CMP00150,SM-Mar-022,SMS,2024-03-19,2024-03-29,5000000,3912935,523678,46585,8.9,2241,9527404,1746,2.435,New,False
CMP00131,TT-Mar-021,TikTok,2024-03-13,2024-03-21,5261674,5459737,179143,3953,2.21,95,6978508,57470,1.278,New,False
CMP00152,SM-Mar-024,SMS,2024-03-02,2024-03-30,5000000,4707738,559939,42757,7.64,2743,20286580,1716,4.309,New,True
CMP00360,EM-Jul-061,Email,2024-07-03,2024-07-22,5000000,4070822,371291,30559,8.23,1810,19244633,2249,4.727,New,False
CMP00100,SM-Feb-017,SMS,2024-02-02,2024-02-27,5000000,4535698,585208,95464,16.31,6949,18696614,652,4.122,Returning,True
CMP00373,AF-Jul-056,Affiliate,2024-07-01,2024-07-29,5000000,4573545,140660,5621,4.0,173,15733226,26436,3.44,Win-back,False
CMP00088,EM-Feb-014,Email,2024-02-06,2024-02-27,5000000,5090982,452983,66864,14.76,9568,31714480,532,6.23,VIP,True
CMP00459,TT-Sep-079,TikTok,2024-09-03,2024-09-28,5198716,4776130,195305,7935,4.06,337,22823940,14172,4.779,Win-back,True
CMP00331,FB-Jul-060,Facebook,2024-07-07,2024-07-28,9137613,6785274,171151,4354,2.54,117,13422104,57993,1.978,New,False
CMP00215,AF-Apr-033,Affiliate,2024-04-10,2024-04-18,5000000,3845683,110753,3174,2.87,89,9127684,43209,2.373,Returning,False
CMP00467,EM-Sep-078,Email,2024-09-09,2024-09-24,5000000,4918750,396500,84842,21.4,8820,15366320,557,3.124,Returning,False
CMP00122,GG-Mar-022,Google,2024-03-10,2024-03-26,11602959,8411272,253308,9235,3.65,618,32484977,13610,3.862,VIP,True
CMP00488,AF-Sep-081,Affiliate,2024-09-21,2024-09-29,5000000,4600578,114806,1853,1.61,61,13485936,75419,2.931,Returning,False
CMP00021,TT-Jan-001,TikTok,2024-01-01,2024-01-25,6294209,4658112,188575,6449,3.42,245,1397433,19012,0.3,Returning,False
CMP00189,TT-Apr-034,TikTok,2024-04-04,2024-04-16,5299040,4495502,161765,5533,3.42,147,7079924,30581,1.575,Returning,False
CMP00072,GG-Feb-017,Google,2024-02-01,2024-02-26,9481429,9583242,215749,9133,4.23,629,35716595,15235,3.727,Win-back,True
CMP00107,AF-Feb-015,Affiliate,2024-02-09,2024-02-28,5000000,4196532,116239,1764,1.52,99,18426701,42389,4.391,New,True
CMP00271,AF-May-044,Affiliate,2024-05-15,2024-05-24,5000000,4738918,121760,2572,2.11,112,10447505,42311,2.205,Win-back,False
CMP00349,TT-Jul-059,TikTok,2024-07-01,2024-07-18,5000000,4686819,187110,5493,2.94,148,4896802,31667,1.045,VIP,False
CMP00436,FB-Sep-075,Facebook,2024-09-05,2024-09-18,12266308,9438436,220246,2338,1.06,101,28525720,93449,3.022,New,True
CMP00103,AF-Feb-011,Affiliate,2024-02-07,2024-02-26,5000000,4390639,140701,1881,1.34,82,24085158,53544,5.486,VIP,True
